[{"model": "cfc_app.location", "pk": 1, "fields": {"desc": "Ohio, USA", "shortname": "ohio", "hierarchy": "world.usa.ohio", "govlevel": "state", "parent": 4, "date_added": "2020-08-13T22:40:10.651Z"}}, {"model": "cfc_app.location", "pk": 2, "fields": {"desc": "Franklin County", "shortname": "franklin", "hierarchy": "world.usa.ohio.franklin", "govlevel": "county", "parent": 1, "date_added": "2020-08-13T22:40:44.720Z"}}, {"model": "cfc_app.location", "pk": 3, "fields": {"desc": "world", "shortname": "world", "hierarchy": "world", "govlevel": "global", "parent": 3, "date_added": "2020-08-03T05:07:12.060Z"}}, {"model": "cfc_app.location", "pk": 4, "fields": {"desc": "United States", "shortname": "tucson", "hierarchy": "world.usa", "govlevel": "country", "parent": 3, "date_added": "2020-08-03T05:07:36.507Z"}}, {"model": "cfc_app.location", "pk": 5, "fields": {"desc": "Arizona, USA", "shortname": "tucson", "hierarchy": "world.usa.arizona", "govlevel": "state", "parent": 4, "date_added": "2020-08-03T05:07:52.073Z"}}, {"model": "cfc_app.location", "pk": 6, "fields": {"desc": "Pima County, AZ", "shortname": "tucson", "hierarchy": "world.usa.arizona.pima", "govlevel": "county", "parent": 5, "date_added": "2020-08-03T05:08:13.831Z"}}, {"model": "cfc_app.location", "pk": 7, "fields": {"desc": "Tucson, Arizona", "shortname": "tucson", "hierarchy": "world.usa.arizona.pima.tucson", "govlevel": "city", "parent": 6, "date_added": "2020-08-03T05:08:38.982Z"}}, {"model": "cfc_app.location", "pk": 8, "fields": {"desc": "United Kingdom", "shortname": "uk", "hierarchy": "world.uk", "govlevel": "sovereign state", "parent": 3, "date_added": "2020-08-11T18:44:40.860Z"}}, {"model": "cfc_app.location", "pk": 9, "fields": {"desc": "England, UK", "shortname": "england", "hierarchy": "world.uk.england", "govlevel": "country", "parent": 8, "date_added": "2020-08-11T18:45:18.888Z"}}, {"model": "cfc_app.location", "pk": 10, "fields": {"desc": "London County", "shortname": "lcc", "hierarchy": "world.uk.england.lcc", "govlevel": "county", "parent": 9, "date_added": "2020-08-11T18:45:57.736Z"}}, {"model": "cfc_app.location", "pk": 11, "fields": {"desc": "London, England", "shortname": "london", "hierarchy": "world.uk.england.lcc.london", "govlevel": "city", "parent": 10, "date_added": "2020-08-11T18:46:51.663Z"}}, {"model": "cfc_app.location", "pk": 12, "fields": {"desc": "Columbus, OH", "shortname": "columbus", "hierarchy": "world.usa.ohio.franklin.columbus", "govlevel": "city", "parent": 2, "date_added": "2020-08-13T22:49:40.283Z"}}, {"model": "cfc_app.impact", "pk": 1, "fields": {"text": "Healthcare", "date_added": "2020-07-31T18:36:42.997Z"}}, {"model": "cfc_app.impact", "pk": 2, "fields": {"text": "Safety", "date_added": "2020-07-31T18:36:48.869Z"}}, {"model": "cfc_app.impact", "pk": 3, "fields": {"text": "Environment", "date_added": "2020-07-31T18:37:05.254Z"}}, {"model": "cfc_app.impact", "pk": 4, "fields": {"text": "Transportation", "date_added": "2020-07-31T18:37:11.749Z"}}, {"model": "cfc_app.impact", "pk": 5, "fields": {"text": "Jobs", "date_added": "2020-07-31T18:37:50.229Z"}}, {"model": "cfc_app.criteria", "pk": 25, "fields": {"text": "world.uk-Healthcare-Safety-Environment-Transportation-Jobs", "location": 8, "impacts": [1, 2, 3, 4, 5]}}, {"model": "cfc_app.criteria", "pk": 37, "fields": {"text": "world.usa.arizona.pima.tucson-Healthcare-Environment-Jobs", "location": 7, "impacts": [1, 3, 5]}}, {"model": "cfc_app.criteria", "pk": 42, "fields": {"text": "world.usa.arizona.pima.tucson-Healthcare-Safety-Environment-Jobs", "location": 7, "impacts": [1, 2, 3, 5]}}, {"model": "cfc_app.criteria", "pk": 44, "fields": {"text": "world.usa.arizona.pima.tucson-Safety-Environment-Transportation", "location": 7, "impacts": [2, 3, 4]}}, {"model": "cfc_app.criteria", "pk": 49, "fields": {"text": "world.usa-Jobs", "location": 4, "impacts": [5]}}, {"model": "cfc_app.criteria", "pk": 64, "fields": {"text": "world.usa.arizona.pima.tucson-Healthcare-Environment-Jobs", "location": 7, "impacts": [1, 3, 5]}}, {"model": "cfc_app.criteria", "pk": 65, "fields": {"text": "world.usa.arizona.pima.tucson-Healthcare-Environment-Jobs", "location": 7, "impacts": [1, 3, 5]}}, {"model": "cfc_app.criteria", "pk": 66, "fields": {"text": "world.usa.arizona.pima.tucson-Healthcare-Environment-Transportation", "location": 7, "impacts": [1, 3, 4]}}, {"model": "cfc_app.criteria", "pk": 67, "fields": {"text": "world.uk.england.lcc.london-Safety-Transportation-Jobs", "location": 11, "impacts": [2, 4, 5]}}, {"model": "cfc_app.criteria", "pk": 68, "fields": {"text": "world.usa.arizona.pima.tucson-Healthcare-Safety-Environment-Jobs", "location": 7, "impacts": [1, 2, 3, 5]}}, {"model": "cfc_app.criteria", "pk": 69, "fields": {"text": "world.usa.arizona.pima.tucson-Healthcare-Safety-Environment-Jobs", "location": 7, "impacts": [1, 2, 3, 5]}}, {"model": "cfc_app.criteria", "pk": 70, "fields": {"text": "world.usa.arizona.pima.tucson-Healthcare-Safety-Environment-Jobs", "location": 7, "impacts": [1, 2, 3, 5]}}, {"model": "cfc_app.criteria", "pk": 71, "fields": {"text": "world.uk-Healthcare-Safety-Environment-Transportation-Jobs", "location": 8, "impacts": [1, 2, 3, 4, 5]}}, {"model": "cfc_app.criteria", "pk": 72, "fields": {"text": "world.uk.england-Healthcare-Safety-Environment-Transportation-Jobs", "location": 9, "impacts": [1, 2, 3, 4, 5]}}, {"model": "cfc_app.criteria", "pk": 73, "fields": {"text": "world.uk.england.lcc.london-Healthcare-Safety-Environment-Transportation-Jobs", "location": 11, "impacts": [1, 2, 3, 4, 5]}}, {"model": "cfc_app.criteria", "pk": 74, "fields": {"text": "world.uk.england.lcc-Healthcare-Safety-Environment-Transportation-Jobs", "location": 10, "impacts": [1, 2, 3, 4, 5]}}, {"model": "cfc_app.criteria", "pk": 75, "fields": {"text": "world.usa-Healthcare-Safety-Environment-Transportation-Jobs", "location": 4, "impacts": [1, 2, 3, 4, 5]}}, {"model": "cfc_app.criteria", "pk": 76, "fields": {"text": "world.usa-Healthcare-Safety-Environment-Transportation-Jobs", "location": 4, "impacts": [1, 2, 3, 4, 5]}}, {"model": "cfc_app.criteria", "pk": 77, "fields": {"text": "world.usa.arizona-Healthcare-Safety-Environment-Transportation-Jobs", "location": 5, "impacts": [1, 2, 3, 4, 5]}}, {"model": "cfc_app.criteria", "pk": 78, "fields": {"text": "world.usa.arizona.pima-Healthcare-Safety-Environment-Transportation-Jobs", "location": 6, "impacts": [1, 2, 3, 4, 5]}}, {"model": "cfc_app.criteria", "pk": 79, "fields": {"text": "world.usa.arizona.pima.tucson-Healthcare-Safety-Environment-Transportation-Jobs", "location": 7, "impacts": [1, 2, 3, 4, 5]}}, {"model": "cfc_app.criteria", "pk": 80, "fields": {"text": "world.usa.arizona.pima.tucson-Jobs", "location": 7, "impacts": [5]}}, {"model": "cfc_app.criteria", "pk": 81, "fields": {"text": "world.usa-Healthcare", "location": 4, "impacts": [1]}}, {"model": "cfc_app.criteria", "pk": 82, "fields": {"text": "world.usa-Healthcare-Safety-Environment-Transportation-Jobs", "location": 4, "impacts": [1, 2, 3, 4, 5]}}, {"model": "cfc_app.criteria", "pk": 83, "fields": {"text": "world.usa-Jobs", "location": 4, "impacts": [5]}}, {"model": "cfc_app.criteria", "pk": 84, "fields": {"text": "world.usa-Healthcare-Jobs", "location": 4, "impacts": [1, 5]}}, {"model": "cfc_app.criteria", "pk": 85, "fields": {"text": "world.usa.arizona-Jobs", "location": 5, "impacts": [5]}}, {"model": "cfc_app.criteria", "pk": 86, "fields": {"text": "world.usa.ohio.franklin.columbus-Healthcare-Safety-Environment-Transportation-Jobs", "location": 12, "impacts": [1, 2, 3, 4, 5]}}, {"model": "cfc_app.criteria", "pk": 87, "fields": {"text": "world.usa.arizona.pima.tucson-Healthcare-Safety-Environment-Transportation-Jobs", "location": 7, "impacts": [1, 2, 3, 4, 5]}}, {"model": "cfc_app.criteria", "pk": 88, "fields": {"text": "world.usa.arizona.pima.tucson-Safety-Transportation", "location": 7, "impacts": [2, 4]}}, {"model": "cfc_app.criteria", "pk": 89, "fields": {"text": "world.uk.england.lcc.london-Healthcare-Safety-Environment-Transportation-Jobs", "location": 11, "impacts": [1, 2, 3, 4, 5]}}, {"model": "cfc_app.criteria", "pk": 90, "fields": {"text": "world.uk.england.lcc.london-Healthcare-Environment", "location": 11, "impacts": [1, 3]}}, {"model": "cfc_app.criteria", "pk": 91, "fields": {"text": "world.uk.england.lcc.london-Healthcare", "location": 11, "impacts": [1]}}, {"model": "cfc_app.criteria", "pk": 92, "fields": {"text": "world.uk.england.lcc.london-Healthcare-Safety-Environment", "location": 11, "impacts": [1, 2, 3]}}, {"model": "cfc_app.criteria", "pk": 93, "fields": {"text": "world.uk.england.lcc.london-Healthcare-Safety-Environment", "location": 11, "impacts": [1, 2, 3]}}, {"model": "cfc_app.criteria", "pk": 94, "fields": {"text": "world.usa.ohio.franklin.columbus-Healthcare-Safety-Jobs", "location": 12, "impacts": [1, 2, 5]}}, {"model": "cfc_app.criteria", "pk": 95, "fields": {"text": "world.uk.england.lcc.london-Healthcare-Safety-Environment-Jobs", "location": 11, "impacts": [1, 2, 3, 5]}}, {"model": "cfc_app.criteria", "pk": 96, "fields": {"text": "world.usa.arizona.pima.tucson-Healthcare-Environment-Transportation-Jobs", "location": 7, "impacts": [1, 3, 4, 5]}}, {"model": "cfc_app.criteria", "pk": 97, "fields": {"text": "world.uk.england.lcc.london-Safety-Environment-Jobs", "location": 11, "impacts": [2, 3, 5]}}, {"model": "cfc_app.criteria", "pk": 98, "fields": {"text": "world.uk.england.lcc.london-Safety-Environment", "location": 11, "impacts": [2, 3]}}, {"model": "cfc_app.criteria", "pk": 99, "fields": {"text": "world.uk.england.lcc.london-Safety-Environment-Jobs", "location": 11, "impacts": [2, 3, 5]}}, {"model": "cfc_app.criteria", "pk": 100, "fields": {"text": "world.uk.england.lcc.london-Healthcare-Safety-Environment", "location": 11, "impacts": [1, 2, 3]}}, {"model": "cfc_app.criteria", "pk": 101, "fields": {"text": "world.uk.england.lcc.london-Healthcare-Safety-Environment", "location": 11, "impacts": [1, 2, 3]}}, {"model": "cfc_app.criteria", "pk": 102, "fields": {"text": "world.usa.arizona.pima.tucson-Healthcare-Environment-Transportation-Jobs", "location": 7, "impacts": [1, 3, 4, 5]}}, {"model": "cfc_app.criteria", "pk": 103, "fields": {"text": "world.usa.arizona.pima.tucson-Healthcare-Environment-Jobs", "location": 7, "impacts": [1, 3, 5]}}, {"model": "cfc_app.criteria", "pk": 104, "fields": {"text": "world.uk.england.lcc.london-Jobs", "location": 11, "impacts": [5]}}, {"model": "cfc_app.criteria", "pk": 105, "fields": {"text": "world.uk.england.lcc.london-Jobs", "location": 11, "impacts": [5]}}, {"model": "cfc_app.criteria", "pk": 106, "fields": {"text": "world.uk.england.lcc-Healthcare", "location": 10, "impacts": [1]}}, {"model": "cfc_app.criteria", "pk": 107, "fields": {"text": "world.usa.ohio.franklin.columbus-Healthcare", "location": 12, "impacts": [1]}}, {"model": "cfc_app.criteria", "pk": 108, "fields": {"text": "world.uk-Transportation", "location": 8, "impacts": [4]}}, {"model": "cfc_app.criteria", "pk": 109, "fields": {"text": "world.uk.england-Healthcare-Safety-Environment", "location": 9, "impacts": [1, 2, 3]}}, {"model": "cfc_app.criteria", "pk": 110, "fields": {"text": "world.uk-Healthcare-Safety-Environment-Transportation-Jobs", "location": 8, "impacts": [1, 2, 3, 4, 5]}}, {"model": "cfc_app.criteria", "pk": 111, "fields": {"text": "world.uk.england.lcc.london-Healthcare-Safety-Environment", "location": 11, "impacts": [1, 2, 3]}}, {"model": "cfc_app.criteria", "pk": 112, "fields": {"text": "world.uk.england.lcc.london-Healthcare-Safety-Environment", "location": 11, "impacts": [1, 2, 3]}}, {"model": "cfc_app.criteria", "pk": 113, "fields": {"text": "world.usa.arizona.pima.tucson-Safety", "location": 7, "impacts": [2]}}, {"model": "cfc_app.criteria", "pk": 114, "fields": {"text": "world.usa-Healthcare-Jobs", "location": 4, "impacts": [1, 5]}}, {"model": "cfc_app.criteria", "pk": 115, "fields": {"text": "world.usa-Safety-Jobs", "location": 4, "impacts": [2, 5]}}, {"model": "cfc_app.criteria", "pk": 116, "fields": {"text": "world.usa.arizona-Healthcare-Safety-Environment-Transportation-Jobs", "location": 5, "impacts": [1, 2, 3, 4, 5]}}, {"model": "cfc_app.criteria", "pk": 117, "fields": {"text": "world.usa.arizona.pima.tucson-Safety", "location": 7, "impacts": [2]}}, {"model": "cfc_app.criteria", "pk": 118, "fields": {"text": "world.usa.ohio.franklin.columbus-Healthcare", "location": 12, "impacts": [1]}}, {"model": "cfc_app.criteria", "pk": 119, "fields": {"text": "world-Environment", "location": 3, "impacts": [3]}}, {"model": "cfc_app.criteria", "pk": 120, "fields": {"text": "world.usa.ohio.franklin-Environment", "location": 2, "impacts": [3]}}, {"model": "cfc_app.criteria", "pk": 121, "fields": {"text": "world.uk-Healthcare", "location": 8, "impacts": [1]}}, {"model": "cfc_app.criteria", "pk": 122, "fields": {"text": "world.usa.arizona.pima.tucson-Healthcare-Safety-Environment-Transportation-Jobs", "location": 7, "impacts": [1, 2, 3, 4, 5]}}, {"model": "cfc_app.criteria", "pk": 123, "fields": {"text": "world.usa-Healthcare", "location": 4, "impacts": [1]}}, {"model": "cfc_app.criteria", "pk": 124, "fields": {"text": "world.usa-Safety-Environment-Transportation", "location": 4, "impacts": [2, 3, 4]}}, {"model": "cfc_app.criteria", "pk": 125, "fields": {"text": "world.usa-Healthcare-Safety-Environment-Transportation", "location": 4, "impacts": [1, 2, 3, 4]}}, {"model": "cfc_app.criteria", "pk": 126, "fields": {"text": "world.usa-Healthcare-Safety", "location": 4, "impacts": [1, 2]}}, {"model": "cfc_app.criteria", "pk": 127, "fields": {"text": "world.usa-Safety-Environment", "location": 4, "impacts": [2, 3]}}, {"model": "cfc_app.criteria", "pk": 128, "fields": {"text": "world.usa-Safety-Environment", "location": 4, "impacts": [2, 3]}}, {"model": "cfc_app.criteria", "pk": 129, "fields": {"text": "world.usa-Healthcare-Safety-Environment-Transportation-Jobs", "location": 4, "impacts": [1, 2, 3, 4, 5]}}, {"model": "cfc_app.criteria", "pk": 130, "fields": {"text": "world.usa-Healthcare-Safety-Environment-Transportation-Jobs", "location": 4, "impacts": [1, 2, 3, 4, 5]}}, {"model": "cfc_app.criteria", "pk": 131, "fields": {"text": "world.uk.england-Healthcare-Safety-Environment-Transportation-Jobs", "location": 9, "impacts": [1, 2, 3, 4, 5]}}, {"model": "cfc_app.criteria", "pk": 132, "fields": {"text": "world.usa.arizona-Healthcare-Safety-Environment-Transportation-Jobs", "location": 5, "impacts": [1, 2, 3, 4, 5]}}, {"model": "cfc_app.criteria", "pk": 133, "fields": {"text": "world.usa-Healthcare-Safety-Environment-Transportation", "location": 4, "impacts": [1, 2, 3, 4]}}, {"model": "cfc_app.criteria", "pk": 134, "fields": {"text": "world.usa-Healthcare-Safety-Environment-Transportation-Jobs", "location": 4, "impacts": [1, 2, 3, 4, 5]}}, {"model": "cfc_app.criteria", "pk": 135, "fields": {"text": "world.usa.arizona-Healthcare-Safety-Environment-Transportation", "location": 5, "impacts": [1, 2, 3, 4]}}, {"model": "cfc_app.criteria", "pk": 136, "fields": {"text": "world.usa.arizona.pima-Healthcare-Safety-Environment-Transportation", "location": 6, "impacts": [1, 2, 3, 4]}}, {"model": "cfc_app.criteria", "pk": 137, "fields": {"text": "world.usa.ohio.franklin.columbus-Healthcare-Safety-Environment-Transportation", "location": 12, "impacts": [1, 2, 3, 4]}}, {"model": "cfc_app.criteria", "pk": 138, "fields": {"text": "world.usa-Healthcare-Safety-Environment-Transportation", "location": 4, "impacts": [1, 2, 3, 4]}}, {"model": "cfc_app.criteria", "pk": 139, "fields": {"text": "world.usa.ohio-Environment", "location": 1, "impacts": [3]}}, {"model": "cfc_app.criteria", "pk": 140, "fields": {"text": "world.usa.arizona.pima.tucson-Healthcare", "location": 7, "impacts": [1]}}, {"model": "cfc_app.criteria", "pk": 141, "fields": {"text": "world.usa-Jobs", "location": 4, "impacts": [5]}}, {"model": "cfc_app.criteria", "pk": 142, "fields": {"text": "world.usa-Healthcare", "location": 4, "impacts": [1]}}, {"model": "cfc_app.criteria", "pk": 143, "fields": {"text": "world.usa-Transportation", "location": 4, "impacts": [4]}}, {"model": "cfc_app.criteria", "pk": 144, "fields": {"text": "world.usa-Jobs", "location": 4, "impacts": [5]}}, {"model": "cfc_app.criteria", "pk": 145, "fields": {"text": "world.usa-Healthcare-Safety-Environment-Transportation-Jobs", "location": 4, "impacts": [1, 2, 3, 4, 5]}}, {"model": "cfc_app.criteria", "pk": 146, "fields": {"text": "world.usa.arizona.pima.tucson-Healthcare-Safety-Environment-Transportation-Jobs", "location": 7, "impacts": [1, 2, 3, 4, 5]}}, {"model": "cfc_app.criteria", "pk": 147, "fields": {"text": "world.usa.arizona-Jobs", "location": 5, "impacts": [5]}}, {"model": "cfc_app.criteria", "pk": 148, "fields": {"text": "world.usa.arizona.pima.tucson-Healthcare-Safety-Environment-Transportation-Jobs", "location": 7, "impacts": [1, 2, 3, 4, 5]}}, {"model": "cfc_app.law", "pk": 1, "fields": {"key": "AZ-HB-2244 (2020)", "title": "Provision of Tribal Healthcare Dental Services", "summary": "Dental services for adults,  emergency dental care and extractions in an annual amount of not more than $1,000 per member.  When treated at an Indian Health Service or Tribal Facility, adult dental services that are eligible for a federal medical assistance percentage of 100% in excess of the limit prescribed.", "location": 5, "impact": 1}}, {"model": "cfc_app.law", "pk": 2, "fields": {"key": "AZ-SB-1682 (2020)", "title": "Protection requirements for foster children", "summary": "The results of background checks for each adult member of the foster care placement household will be used to determine danger level.  Foster children shall be kept safe from placements that constitute a Tier 5 danger. If the department determines that a placement constitutes a tier 5 danger, the department shall remove all foster children from this placement within four(24) hours after making the determination.", "location": 5, "impact": 2}}, {"model": "cfc_app.law", "pk": 3, "fields": {"key": "AZ-SB-1633 (2020)", "title": "Establish state-wide standards for drinking water pollutants", "summary": "Primary drinking water maximum contaminant levels established by the administrator before August 13, 1986 are adopted as drinking water aquifer water quality standards. The administrator may adopt additional primary drinking water maximum contaminant levels, unless \"substantial opposition\" are received during the first year of review.", "location": 5, "impact": 3}}, {"model": "cfc_app.law", "pk": 4, "fields": {"key": "AZ-HB-2817 (2020)", "title": "Public airport fees prohibited for Ride Sharing companies", "summary": "Additional or more restrictive requirements may not include a tax, fee or assessment of any kind on transportation network companies for operating at a public airport.  Transportation Network Companies include Taxis, Limousines and Ride Sharing companies.", "location": 5, "impact": 4}}, {"model": "cfc_app.law", "pk": 5, "fields": {"key": "AZ-HB-2695 (2020)", "title": "Financial literacy training qualifies as a work activity", "summary": "As a condition of eligibility for unemployment insurance cash assistance,  all recipients shall engage in work activities.  The department may allow a course in financial literacy and personal finance to qualify as a work activity.  These may include instruction on household cash management techniques, using checking and savings accounts, obtaining and using term and term credit or securing a loan or other term financing arrangements for high-cost items.", "location": 5, "impact": 5}}, {"model": "cfc_app.law", "pk": 6, "fields": {"key": "UK PGA 2020 c. 7", "title": "Coronavirus Act 2020", "summary": "An Act to make provision in connection with coronavirus and for connected purposes including: emergency registration of health professionals, temporary registration of social workers, emergency volunteers, mental health and mental capacity, health service indemnification, NHS and local authority care and support, registration of deaths and still-births etc., investigatory powers, fingerprints and DNA profiles, Food supply, inquests, schools and childcare providers, statutory sick pay, pensions, protection of public health, power to suspend port operations, powers relating to potentially infectious persons, powers relating to events, gatherings and premises, postponement of elections, referendums, recall petitions and canvass, national insurance contributions, financial assistance for industry, up-fating of working tax credit, residential tenancies: protection from eviction, business tenancies, protection from forfeiture.", "location": 8, "impact": 1}}, {"model": "cfc_app.law", "pk": 7, "fields": {"key": "UK PGA 2019 c. 9", "title": "Stalking Protection Act 2019", "summary": "An Act to make provision for orders to protect persons from risks associated with stalking; and for connected purposes.", "location": 8, "impact": 2}}, {"model": "cfc_app.law", "pk": 8, "fields": {"key": "UK PGA 2019 c. 5", "title": "Crime (Overseas Production Orders) Act 2019", "summary": "An Act to make provision about overseas production orders and about the designation of international agreements for the purposes of section 52 of the Investigatory Powers Act 2016.", "location": 8, "impact": 2}}, {"model": "cfc_app.law", "pk": 9, "fields": {"key": "UK PGA 2019 c. 8", "title": "Parking (Code of Practice) Act of 2019", "summary": "An Act to make provision for and in connection with a code of practice containing guidance about the operation and management of private parking facilities; and for connected purposes", "location": 8, "impact": 4}}, {"model": "cfc_app.law", "pk": 10, "fields": {"key": "UK LA 2018 c. i", "title": "City of London Corporation (Open Spaces) Act 2018", "summary": "An Act to make provision relating to the public open spaces under the management and control of the City of London Corporation; and for related purposes", "location": 11, "impact": 3}}, {"model": "contenttypes.contenttype", "pk": 1, "fields": {"app_label": "cfc_app", "model": "location"}}, {"model": "contenttypes.contenttype", "pk": 2, "fields": {"app_label": "cfc_app", "model": "impact"}}, {"model": "contenttypes.contenttype", "pk": 3, "fields": {"app_label": "cfc_app", "model": "criteria"}}, {"model": "contenttypes.contenttype", "pk": 4, "fields": {"app_label": "cfc_app", "model": "law"}}, {"model": "contenttypes.contenttype", "pk": 5, "fields": {"app_label": "users", "model": "profile"}}, {"model": "contenttypes.contenttype", "pk": 6, "fields": {"app_label": "admin", "model": "logentry"}}, {"model": "contenttypes.contenttype", "pk": 7, "fields": {"app_label": "auth", "model": "permission"}}, {"model": "contenttypes.contenttype", "pk": 8, "fields": {"app_label": "auth", "model": "group"}}, {"model": "contenttypes.contenttype", "pk": 9, "fields": {"app_label": "auth", "model": "user"}}, {"model": "contenttypes.contenttype", "pk": 10, "fields": {"app_label": "contenttypes", "model": "contenttype"}}, {"model": "contenttypes.contenttype", "pk": 11, "fields": {"app_label": "sessions", "model": "session"}}, {"model": "sessions.session", "pk": "0i3a239gp21m43srxp7t9kags2t3ufiz", "fields": {"session_data": "ZDBmM2FhYmI2MjFhZjY2NDg3YmI3MWVmMmE0OTI2MWI0YzFjN2RjNDp7Il9hdXRoX3VzZXJfaWQiOiIxIiwiX2F1dGhfdXNlcl9iYWNrZW5kIjoiZGphbmdvLmNvbnRyaWIuYXV0aC5iYWNrZW5kcy5Nb2RlbEJhY2tlbmQiLCJfYXV0aF91c2VyX2hhc2giOiIyNzllYmYyNWQ4YWVhZmUyMDM4YmI3MDM0YzYzODU2MDk3ODY1MjAyIn0=", "expire_date": "2020-08-26T05:28:26.517Z"}}, {"model": "sessions.session", "pk": "16ko03fqdwgowz3c9ep3d6p9f2wynlee", "fields": {"session_data": "NzhiMzExNmE1NzkxZTM0OGM5OGM1ZjU0YWIyMWMyZTI4NTc4Njg0Mjp7Il9hdXRoX3VzZXJfaWQiOiIxNCIsIl9hdXRoX3VzZXJfYmFja2VuZCI6ImRqYW5nby5jb250cmliLmF1dGguYmFja2VuZHMuTW9kZWxCYWNrZW5kIiwiX2F1dGhfdXNlcl9oYXNoIjoiMTEwN2EwYWE4M2ZmYzdjZDJhMTM3M2Y5MzlhMGE0OGY3ZWEyZDU0NyJ9", "expire_date": "2020-08-28T17:52:11.713Z"}}, {"model": "sessions.session", "pk": "1955v1g3zbm54wrh3pxt6n3x9d2ukoi3", "fields": {"session_data": "OGY4NDgwOGVmNmI1MjBmMzQwMDMwZGI4YTRmMTRiY2ZlNzdmMGE3YTp7Il9hdXRoX3VzZXJfaWQiOiIxNSIsIl9hdXRoX3VzZXJfYmFja2VuZCI6ImRqYW5nby5jb250cmliLmF1dGguYmFja2VuZHMuTW9kZWxCYWNrZW5kIiwiX2F1dGhfdXNlcl9oYXNoIjoiMjc3NTlhYzM2Y2U3M2FmZDJhZDRmZTAzMGY3ZGUyZmU5ZTJmNTRjMSJ9", "expire_date": "2020-08-28T18:03:18.136Z"}}, {"model": "sessions.session", "pk": "6rf94py8sfwchu1l4133okufdxj4658i", "fields": {"session_data": "ZDBmM2FhYmI2MjFhZjY2NDg3YmI3MWVmMmE0OTI2MWI0YzFjN2RjNDp7Il9hdXRoX3VzZXJfaWQiOiIxIiwiX2F1dGhfdXNlcl9iYWNrZW5kIjoiZGphbmdvLmNvbnRyaWIuYXV0aC5iYWNrZW5kcy5Nb2RlbEJhY2tlbmQiLCJfYXV0aF91c2VyX2hhc2giOiIyNzllYmYyNWQ4YWVhZmUyMDM4YmI3MDM0YzYzODU2MDk3ODY1MjAyIn0=", "expire_date": "2020-08-27T20:18:12.403Z"}}, {"model": "sessions.session", "pk": "by97d5lua8fl7dl1jrqadwpayfkzhavu", "fields": {"session_data": "ZDBmM2FhYmI2MjFhZjY2NDg3YmI3MWVmMmE0OTI2MWI0YzFjN2RjNDp7Il9hdXRoX3VzZXJfaWQiOiIxIiwiX2F1dGhfdXNlcl9iYWNrZW5kIjoiZGphbmdvLmNvbnRyaWIuYXV0aC5iYWNrZW5kcy5Nb2RlbEJhY2tlbmQiLCJfYXV0aF91c2VyX2hhc2giOiIyNzllYmYyNWQ4YWVhZmUyMDM4YmI3MDM0YzYzODU2MDk3ODY1MjAyIn0=", "expire_date": "2020-08-28T19:49:15.529Z"}}, {"model": "sessions.session", "pk": "mbgqt7jl0i6ll0kvuv9zp8ty5dktjcok", "fields": {"session_data": "ZDBjODNkMWQyM2ZlNzgyODNjOThhMTM5ZTZlMzQxZTg0ZDY2YzkxYTp7Il9hdXRoX3VzZXJfaWQiOiIxMyIsIl9hdXRoX3VzZXJfYmFja2VuZCI6ImRqYW5nby5jb250cmliLmF1dGguYmFja2VuZHMuTW9kZWxCYWNrZW5kIiwiX2F1dGhfdXNlcl9oYXNoIjoiNjZhODdiZDQ2NjkxNzI5M2MxNmMxY2FiMjA3ZTZmZDczMDNmOTc3OSJ9", "expire_date": "2020-08-28T17:12:33.837Z"}}, {"model": "sessions.session", "pk": "r0m9mcl014svalu5mtrgt7e5ztxn2xxs", "fields": {"session_data": "NGNjZTIzOWY3NDdkZWJiYjdhNWZhNTlmOWE0ZGZmZmU1MGI4Njc3ZTp7Il9hdXRoX3VzZXJfaWQiOiI2IiwiX2F1dGhfdXNlcl9iYWNrZW5kIjoiZGphbmdvLmNvbnRyaWIuYXV0aC5iYWNrZW5kcy5Nb2RlbEJhY2tlbmQiLCJfYXV0aF91c2VyX2hhc2giOiI5NzFiNTQ4ZWZjNWE4YjZkZjcwMzRmODcwZjRkZGExNmMyZGM0MDAwIn0=", "expire_date": "2020-08-27T14:31:02.922Z"}}, {"model": "sessions.session", "pk": "tqzh8199zys41nv867pdvj3ev5mw2iwh", "fields": {"session_data": "ZDBmM2FhYmI2MjFhZjY2NDg3YmI3MWVmMmE0OTI2MWI0YzFjN2RjNDp7Il9hdXRoX3VzZXJfaWQiOiIxIiwiX2F1dGhfdXNlcl9iYWNrZW5kIjoiZGphbmdvLmNvbnRyaWIuYXV0aC5iYWNrZW5kcy5Nb2RlbEJhY2tlbmQiLCJfYXV0aF91c2VyX2hhc2giOiIyNzllYmYyNWQ4YWVhZmUyMDM4YmI3MDM0YzYzODU2MDk3ODY1MjAyIn0=", "expire_date": "2020-08-26T22:04:09.416Z"}}, {"model": "sessions.session", "pk": "zgdr4f4y1y53ierd9lz72ujuih663ou1", "fields": {"session_data": "NTJkMzQ1YjgxMDk0NWFkMDc1NGNjNTBhNTM5NTkzZTYxNmEyM2ZiZTp7Il9hdXRoX3VzZXJfaWQiOiI3IiwiX2F1dGhfdXNlcl9iYWNrZW5kIjoiZGphbmdvLmNvbnRyaWIuYXV0aC5iYWNrZW5kcy5Nb2RlbEJhY2tlbmQiLCJfYXV0aF91c2VyX2hhc2giOiI5MzA5ZTA1Mjg3ZTg0MzA4ZDYxOWE0ZDYwMGYyZmNkZmUyNzNmMjc1In0=", "expire_date": "2020-08-27T23:42:18.128Z"}}, {"model": "auth.permission", "pk": 1, "fields": {"name": "Can add location", "content_type": 1, "codename": "add_location"}}, {"model": "auth.permission", "pk": 2, "fields": {"name": "Can change location", "content_type": 1, "codename": "change_location"}}, {"model": "auth.permission", "pk": 3, "fields": {"name": "Can delete location", "content_type": 1, "codename": "delete_location"}}, {"model": "auth.permission", "pk": 4, "fields": {"name": "Can view location", "content_type": 1, "codename": "view_location"}}, {"model": "auth.permission", "pk": 5, "fields": {"name": "Can add impact", "content_type": 2, "codename": "add_impact"}}, {"model": "auth.permission", "pk": 6, "fields": {"name": "Can change impact", "content_type": 2, "codename": "change_impact"}}, {"model": "auth.permission", "pk": 7, "fields": {"name": "Can delete impact", "content_type": 2, "codename": "delete_impact"}}, {"model": "auth.permission", "pk": 8, "fields": {"name": "Can view impact", "content_type": 2, "codename": "view_impact"}}, {"model": "auth.permission", "pk": 9, "fields": {"name": "Can add criteria", "content_type": 3, "codename": "add_criteria"}}, {"model": "auth.permission", "pk": 10, "fields": {"name": "Can change criteria", "content_type": 3, "codename": "change_criteria"}}, {"model": "auth.permission", "pk": 11, "fields": {"name": "Can delete criteria", "content_type": 3, "codename": "delete_criteria"}}, {"model": "auth.permission", "pk": 12, "fields": {"name": "Can view criteria", "content_type": 3, "codename": "view_criteria"}}, {"model": "auth.permission", "pk": 13, "fields": {"name": "Can add law", "content_type": 4, "codename": "add_law"}}, {"model": "auth.permission", "pk": 14, "fields": {"name": "Can change law", "content_type": 4, "codename": "change_law"}}, {"model": "auth.permission", "pk": 15, "fields": {"name": "Can delete law", "content_type": 4, "codename": "delete_law"}}, {"model": "auth.permission", "pk": 16, "fields": {"name": "Can view law", "content_type": 4, "codename": "view_law"}}, {"model": "auth.permission", "pk": 17, "fields": {"name": "Can add profile", "content_type": 5, "codename": "add_profile"}}, {"model": "auth.permission", "pk": 18, "fields": {"name": "Can change profile", "content_type": 5, "codename": "change_profile"}}, {"model": "auth.permission", "pk": 19, "fields": {"name": "Can delete profile", "content_type": 5, "codename": "delete_profile"}}, {"model": "auth.permission", "pk": 20, "fields": {"name": "Can view profile", "content_type": 5, "codename": "view_profile"}}, {"model": "auth.permission", "pk": 21, "fields": {"name": "Can add log entry", "content_type": 6, "codename": "add_logentry"}}, {"model": "auth.permission", "pk": 22, "fields": {"name": "Can change log entry", "content_type": 6, "codename": "change_logentry"}}, {"model": "auth.permission", "pk": 23, "fields": {"name": "Can delete log entry", "content_type": 6, "codename": "delete_logentry"}}, {"model": "auth.permission", "pk": 24, "fields": {"name": "Can view log entry", "content_type": 6, "codename": "view_logentry"}}, {"model": "auth.permission", "pk": 25, "fields": {"name": "Can add permission", "content_type": 7, "codename": "add_permission"}}, {"model": "auth.permission", "pk": 26, "fields": {"name": "Can change permission", "content_type": 7, "codename": "change_permission"}}, {"model": "auth.permission", "pk": 27, "fields": {"name": "Can delete permission", "content_type": 7, "codename": "delete_permission"}}, {"model": "auth.permission", "pk": 28, "fields": {"name": "Can view permission", "content_type": 7, "codename": "view_permission"}}, {"model": "auth.permission", "pk": 29, "fields": {"name": "Can add group", "content_type": 8, "codename": "add_group"}}, {"model": "auth.permission", "pk": 30, "fields": {"name": "Can change group", "content_type": 8, "codename": "change_group"}}, {"model": "auth.permission", "pk": 31, "fields": {"name": "Can delete group", "content_type": 8, "codename": "delete_group"}}, {"model": "auth.permission", "pk": 32, "fields": {"name": "Can view group", "content_type": 8, "codename": "view_group"}}, {"model": "auth.permission", "pk": 33, "fields": {"name": "Can add user", "content_type": 9, "codename": "add_user"}}, {"model": "auth.permission", "pk": 34, "fields": {"name": "Can change user", "content_type": 9, "codename": "change_user"}}, {"model": "auth.permission", "pk": 35, "fields": {"name": "Can delete user", "content_type": 9, "codename": "delete_user"}}, {"model": "auth.permission", "pk": 36, "fields": {"name": "Can view user", "content_type": 9, "codename": "view_user"}}, {"model": "auth.permission", "pk": 37, "fields": {"name": "Can add content type", "content_type": 10, "codename": "add_contenttype"}}, {"model": "auth.permission", "pk": 38, "fields": {"name": "Can change content type", "content_type": 10, "codename": "change_contenttype"}}, {"model": "auth.permission", "pk": 39, "fields": {"name": "Can delete content type", "content_type": 10, "codename": "delete_contenttype"}}, {"model": "auth.permission", "pk": 40, "fields": {"name": "Can view content type", "content_type": 10, "codename": "view_contenttype"}}, {"model": "auth.permission", "pk": 41, "fields": {"name": "Can add session", "content_type": 11, "codename": "add_session"}}, {"model": "auth.permission", "pk": 42, "fields": {"name": "Can change session", "content_type": 11, "codename": "change_session"}}, {"model": "auth.permission", "pk": 43, "fields": {"name": "Can delete session", "content_type": 11, "codename": "delete_session"}}, {"model": "auth.permission", "pk": 44, "fields": {"name": "Can view session", "content_type": 11, "codename": "view_session"}}, {"model": "auth.user", "pk": 1, "fields": {"password": "pbkdf2_sha256$180000$Ljya19d9praz$96hKYsHOp5JSA8TP0Q9rcj6MeRywwmKVnXHaruZ8keU=", "last_login": "2020-08-14T19:49:15.522Z", "is_superuser": true, "username": "fixadmin", "first_name": "Fix", "last_name": "Administrator", "email": "tpearson@us.ibm.com", "is_staff": true, "is_active": true, "date_joined": "2020-08-12T00:09:47.984Z", "groups": [], "user_permissions": []}}, {"model": "auth.user", "pk": 2, "fields": {"password": "pbkdf2_sha256$180000$GERSo1MniPI6$UTh7MyREA6DfNC0SIJ3vAz4eDj4F6a6591Ec+jD+0rw=", "last_login": "2020-08-12T19:21:31.606Z", "is_superuser": false, "username": "tommy-test1", "first_name": "Tommy", "last_name": "Adams", "email": "tnadams@us.ibm.com", "is_staff": false, "is_active": true, "date_joined": "2020-08-12T19:19:24.555Z", "groups": [], "user_permissions": []}}, {"model": "auth.user", "pk": 3, "fields": {"password": "pbkdf2_sha256$180000$qw7VPVweaIVa$6BDvbp12ZuTwWqvXCDTaqz0xLtqwLvan+gfc76f0O5U=", "last_login": "2020-08-13T13:58:12.005Z", "is_superuser": false, "username": "tdurdeen", "first_name": "Tyler", "last_name": "Durdeen", "email": "tdurdeen@us.ibm.com", "is_staff": false, "is_active": true, "date_joined": "2020-08-13T13:22:08.313Z", "groups": [], "user_permissions": []}}, {"model": "auth.user", "pk": 4, "fields": {"password": "pbkdf2_sha256$180000$LV13t4Lw5Fuv$GTgelRJnJAHQgpwdVBOV/N4tmKDtn6Ekc6OAiJZFM9E=", "last_login": "2020-08-13T13:50:16.829Z", "is_superuser": false, "username": "daffy", "first_name": "Daffy", "last_name": "Duck", "email": "daffy@us.ibm.com", "is_staff": false, "is_active": true, "date_joined": "2020-08-13T13:50:16.403Z", "groups": [], "user_permissions": []}}, {"model": "auth.user", "pk": 5, "fields": {"password": "pbkdf2_sha256$180000$flDv0gnYi7c1$UqpYT8VwBPW3LRev7drlJqCLo386GxVMQwwoyMRWVO4=", "last_login": "2020-08-13T13:59:00.310Z", "is_superuser": false, "username": "john444", "first_name": "John", "last_name": "Doe", "email": "johndoe444@us.ibm.com", "is_staff": false, "is_active": true, "date_joined": "2020-08-13T13:58:59.857Z", "groups": [], "user_permissions": []}}, {"model": "auth.user", "pk": 6, "fields": {"password": "pbkdf2_sha256$180000$Yplbp3UevQLp$1kBXhqO7YgZ/Pbz81LGYZNT38cNY4F4YQ33JpA7EGig=", "last_login": "2020-08-13T14:31:02.917Z", "is_superuser": false, "username": "vansmith", "first_name": "Van", "last_name": "Smith", "email": "vansmith@us.ibm.com", "is_staff": false, "is_active": true, "date_joined": "2020-08-13T14:31:02.488Z", "groups": [], "user_permissions": []}}, {"model": "auth.user", "pk": 7, "fields": {"password": "pbkdf2_sha256$180000$gR9e4yDRV1rn$SrLxFgGcJ4km7c/dS9lViZv8ZyEmPDmVjRvA5vvDTJ8=", "last_login": "2020-08-13T23:42:18.123Z", "is_superuser": false, "username": "george44", "first_name": "George", "last_name": "Forman", "email": "george44@us.ibm.com", "is_staff": false, "is_active": true, "date_joined": "2020-08-13T23:42:17.620Z", "groups": [], "user_permissions": []}}, {"model": "auth.user", "pk": 8, "fields": {"password": "pbkdf2_sha256$180000$iDZKq701liwJ$tuIp1WgI2f5Y+JAmMeFiRVdnRCfWyAAnVImH2Cf5BH0=", "last_login": "2020-08-14T14:09:25.427Z", "is_superuser": false, "username": "john1", "first_name": "John", "last_name": "One", "email": "johnone@us.ibm.com", "is_staff": false, "is_active": true, "date_joined": "2020-08-14T14:09:24.989Z", "groups": [], "user_permissions": []}}, {"model": "auth.user", "pk": 9, "fields": {"password": "pbkdf2_sha256$180000$LB75JLqDJ911$4SmBkGDCBNNNhch9yinWB5ZU5/MPpTDDf55wkofSrNg=", "last_login": "2020-08-14T14:18:38.000Z", "is_superuser": false, "username": "john2", "first_name": "John", "last_name": "Two", "email": "john2@us.ibm.com", "is_staff": false, "is_active": true, "date_joined": "2020-08-14T14:18:37.563Z", "groups": [], "user_permissions": []}}, {"model": "auth.user", "pk": 10, "fields": {"password": "pbkdf2_sha256$180000$OxU3HaIouY3K$wNLf9nlwSN5tS1OHswDxiTVrW8coxzlC33CC15Lq1RI=", "last_login": "2020-08-14T14:25:26.204Z", "is_superuser": false, "username": "john3", "first_name": "John", "last_name": "Three", "email": "john333@us.ibm.com", "is_staff": false, "is_active": true, "date_joined": "2020-08-14T14:25:25.754Z", "groups": [], "user_permissions": []}}, {"model": "auth.user", "pk": 11, "fields": {"password": "pbkdf2_sha256$180000$298n0qwzQL0l$vZdvRghuRyVlVZqwIVYJOkG4YMkXM2R4YJE7LhThwZ8=", "last_login": "2020-08-14T14:38:03.218Z", "is_superuser": false, "username": "john4", "first_name": "John", "last_name": "Four", "email": "john4@us.ibm.com", "is_staff": false, "is_active": true, "date_joined": "2020-08-14T14:38:02.776Z", "groups": [], "user_permissions": []}}, {"model": "auth.user", "pk": 12, "fields": {"password": "pbkdf2_sha256$180000$ZgXVQN58P0ze$5hzBr5DpwXHlyvVqgsK2iIQLD5a+nxG0STEjJvt+IGA=", "last_login": "2020-08-14T16:57:41.407Z", "is_superuser": false, "username": "john6", "first_name": "John", "last_name": "Six", "email": "johnsix@us.ibm.com", "is_staff": false, "is_active": true, "date_joined": "2020-08-14T16:57:40.910Z", "groups": [], "user_permissions": []}}, {"model": "auth.user", "pk": 13, "fields": {"password": "pbkdf2_sha256$180000$dNmYwMN6WSPq$uLNlSj1Y77hwogJ1/Ysi+/m/GEhawmMjlqZ/UlPftQY=", "last_login": "2020-08-14T17:12:33.833Z", "is_superuser": false, "username": "test", "first_name": "", "last_name": "", "email": "", "is_staff": false, "is_active": true, "date_joined": "2020-08-14T17:12:33.474Z", "groups": [], "user_permissions": []}}, {"model": "auth.user", "pk": 14, "fields": {"password": "pbkdf2_sha256$180000$lf8gUry8un7p$JfYV1LQHVUbo2F2vYWA9NsVIeZPVKYpKlEVhuZ5tpI4=", "last_login": "2020-08-14T17:52:11.705Z", "is_superuser": false, "username": "texasTAJ", "first_name": "Todd", "last_name": "Johnston", "email": "taj@ibm.com", "is_staff": false, "is_active": true, "date_joined": "2020-08-14T17:52:11.200Z", "groups": [], "user_permissions": []}}, {"model": "auth.user", "pk": 15, "fields": {"password": "pbkdf2_sha256$180000$6sOO5ZadEAOX$A+e/6j8oC/7fCujcSd2GJZ/PENh0njNCWnLD6ZxUWTY=", "last_login": "2020-08-14T18:03:18.126Z", "is_superuser": false, "username": "hollyhazz", "first_name": "Holly", "last_name": "Hassenzahl", "email": "hhassenzahl@gmail.com", "is_staff": false, "is_active": true, "date_joined": "2020-08-14T18:03:17.663Z", "groups": [], "user_permissions": []}}, {"model": "admin.logentry", "pk": 1, "fields": {"action_time": "2020-08-13T21:26:54.671Z", "user": 1, "content_type": 1, "object_id": "3", "object_repr": "world", "action_flag": 2, "change_message": "[{\"changed\": {\"fields\": [\"Shortname\", \"Parent\"]}}]"}}, {"model": "admin.logentry", "pk": 2, "fields": {"action_time": "2020-08-13T22:32:02.310Z", "user": 1, "content_type": 3, "object_id": "23", "object_repr": "23", "action_flag": 3, "change_message": ""}}, {"model": "admin.logentry", "pk": 3, "fields": {"action_time": "2020-08-13T22:32:02.314Z", "user": 1, "content_type": 3, "object_id": "22", "object_repr": "22", "action_flag": 3, "change_message": ""}}, {"model": "admin.logentry", "pk": 4, "fields": {"action_time": "2020-08-13T22:32:02.316Z", "user": 1, "content_type": 3, "object_id": "21", "object_repr": "21", "action_flag": 3, "change_message": ""}}, {"model": "admin.logentry", "pk": 5, "fields": {"action_time": "2020-08-13T22:32:02.318Z", "user": 1, "content_type": 3, "object_id": "20", "object_repr": "20", "action_flag": 3, "change_message": ""}}, {"model": "admin.logentry", "pk": 6, "fields": {"action_time": "2020-08-13T22:32:02.320Z", "user": 1, "content_type": 3, "object_id": "19", "object_repr": "19", "action_flag": 3, "change_message": ""}}, {"model": "admin.logentry", "pk": 7, "fields": {"action_time": "2020-08-13T22:32:02.322Z", "user": 1, "content_type": 3, "object_id": "18", "object_repr": "18", "action_flag": 3, "change_message": ""}}, {"model": "admin.logentry", "pk": 8, "fields": {"action_time": "2020-08-13T22:32:02.324Z", "user": 1, "content_type": 3, "object_id": "17", "object_repr": "17", "action_flag": 3, "change_message": ""}}, {"model": "admin.logentry", "pk": 9, "fields": {"action_time": "2020-08-13T22:32:02.326Z", "user": 1, "content_type": 3, "object_id": "16", "object_repr": "16", "action_flag": 3, "change_message": ""}}, {"model": "admin.logentry", "pk": 10, "fields": {"action_time": "2020-08-13T22:32:02.328Z", "user": 1, "content_type": 3, "object_id": "15", "object_repr": "15", "action_flag": 3, "change_message": ""}}, {"model": "admin.logentry", "pk": 11, "fields": {"action_time": "2020-08-13T22:32:02.330Z", "user": 1, "content_type": 3, "object_id": "14", "object_repr": "14", "action_flag": 3, "change_message": ""}}, {"model": "admin.logentry", "pk": 12, "fields": {"action_time": "2020-08-13T22:32:02.332Z", "user": 1, "content_type": 3, "object_id": "13", "object_repr": "13", "action_flag": 3, "change_message": ""}}, {"model": "admin.logentry", "pk": 13, "fields": {"action_time": "2020-08-13T22:32:02.334Z", "user": 1, "content_type": 3, "object_id": "12", "object_repr": "12", "action_flag": 3, "change_message": ""}}, {"model": "admin.logentry", "pk": 14, "fields": {"action_time": "2020-08-13T22:32:02.335Z", "user": 1, "content_type": 3, "object_id": "11", "object_repr": "11", "action_flag": 3, "change_message": ""}}, {"model": "admin.logentry", "pk": 15, "fields": {"action_time": "2020-08-13T22:32:02.337Z", "user": 1, "content_type": 3, "object_id": "10", "object_repr": "10", "action_flag": 3, "change_message": ""}}, {"model": "admin.logentry", "pk": 16, "fields": {"action_time": "2020-08-13T22:32:02.339Z", "user": 1, "content_type": 3, "object_id": "9", "object_repr": "9", "action_flag": 3, "change_message": ""}}, {"model": "admin.logentry", "pk": 17, "fields": {"action_time": "2020-08-13T22:32:02.340Z", "user": 1, "content_type": 3, "object_id": "8", "object_repr": "8", "action_flag": 3, "change_message": ""}}, {"model": "admin.logentry", "pk": 18, "fields": {"action_time": "2020-08-13T22:32:02.342Z", "user": 1, "content_type": 3, "object_id": "7", "object_repr": "7", "action_flag": 3, "change_message": ""}}, {"model": "admin.logentry", "pk": 19, "fields": {"action_time": "2020-08-13T22:32:02.344Z", "user": 1, "content_type": 3, "object_id": "6", "object_repr": "6", "action_flag": 3, "change_message": ""}}, {"model": "admin.logentry", "pk": 20, "fields": {"action_time": "2020-08-13T22:32:02.345Z", "user": 1, "content_type": 3, "object_id": "5", "object_repr": "5", "action_flag": 3, "change_message": ""}}, {"model": "admin.logentry", "pk": 21, "fields": {"action_time": "2020-08-13T22:32:02.347Z", "user": 1, "content_type": 3, "object_id": "4", "object_repr": "4", "action_flag": 3, "change_message": ""}}, {"model": "admin.logentry", "pk": 22, "fields": {"action_time": "2020-08-13T22:32:02.349Z", "user": 1, "content_type": 3, "object_id": "3", "object_repr": "3", "action_flag": 3, "change_message": ""}}, {"model": "admin.logentry", "pk": 23, "fields": {"action_time": "2020-08-13T22:32:02.350Z", "user": 1, "content_type": 3, "object_id": "2", "object_repr": "2", "action_flag": 3, "change_message": ""}}, {"model": "admin.logentry", "pk": 24, "fields": {"action_time": "2020-08-13T22:32:02.352Z", "user": 1, "content_type": 3, "object_id": "1", "object_repr": "1", "action_flag": 3, "change_message": ""}}, {"model": "admin.logentry", "pk": 25, "fields": {"action_time": "2020-08-13T22:32:31.249Z", "user": 1, "content_type": 3, "object_id": "36", "object_repr": "36", "action_flag": 3, "change_message": ""}}, {"model": "admin.logentry", "pk": 26, "fields": {"action_time": "2020-08-13T22:32:31.252Z", "user": 1, "content_type": 3, "object_id": "35", "object_repr": "35", "action_flag": 3, "change_message": ""}}, {"model": "admin.logentry", "pk": 27, "fields": {"action_time": "2020-08-13T22:32:31.254Z", "user": 1, "content_type": 3, "object_id": "34", "object_repr": "34", "action_flag": 3, "change_message": ""}}, {"model": "admin.logentry", "pk": 28, "fields": {"action_time": "2020-08-13T22:32:31.256Z", "user": 1, "content_type": 3, "object_id": "33", "object_repr": "33", "action_flag": 3, "change_message": ""}}, {"model": "admin.logentry", "pk": 29, "fields": {"action_time": "2020-08-13T22:32:31.257Z", "user": 1, "content_type": 3, "object_id": "32", "object_repr": "32", "action_flag": 3, "change_message": ""}}, {"model": "admin.logentry", "pk": 30, "fields": {"action_time": "2020-08-13T22:32:31.259Z", "user": 1, "content_type": 3, "object_id": "31", "object_repr": "31", "action_flag": 3, "change_message": ""}}, {"model": "admin.logentry", "pk": 31, "fields": {"action_time": "2020-08-13T22:32:31.261Z", "user": 1, "content_type": 3, "object_id": "30", "object_repr": "30", "action_flag": 3, "change_message": ""}}, {"model": "admin.logentry", "pk": 32, "fields": {"action_time": "2020-08-13T22:32:31.262Z", "user": 1, "content_type": 3, "object_id": "29", "object_repr": "29", "action_flag": 3, "change_message": ""}}, {"model": "admin.logentry", "pk": 33, "fields": {"action_time": "2020-08-13T22:32:31.264Z", "user": 1, "content_type": 3, "object_id": "28", "object_repr": "28", "action_flag": 3, "change_message": ""}}, {"model": "admin.logentry", "pk": 34, "fields": {"action_time": "2020-08-13T22:32:31.265Z", "user": 1, "content_type": 3, "object_id": "27", "object_repr": "27", "action_flag": 3, "change_message": ""}}, {"model": "admin.logentry", "pk": 35, "fields": {"action_time": "2020-08-13T22:32:31.267Z", "user": 1, "content_type": 3, "object_id": "26", "object_repr": "26", "action_flag": 3, "change_message": ""}}, {"model": "admin.logentry", "pk": 36, "fields": {"action_time": "2020-08-13T22:32:31.300Z", "user": 1, "content_type": 3, "object_id": "24", "object_repr": "24", "action_flag": 3, "change_message": ""}}, {"model": "admin.logentry", "pk": 37, "fields": {"action_time": "2020-08-13T22:34:59.681Z", "user": 1, "content_type": 3, "object_id": "59", "object_repr": "59", "action_flag": 3, "change_message": ""}}, {"model": "admin.logentry", "pk": 38, "fields": {"action_time": "2020-08-13T22:34:59.685Z", "user": 1, "content_type": 3, "object_id": "58", "object_repr": "58", "action_flag": 3, "change_message": ""}}, {"model": "admin.logentry", "pk": 39, "fields": {"action_time": "2020-08-13T22:34:59.686Z", "user": 1, "content_type": 3, "object_id": "57", "object_repr": "57", "action_flag": 3, "change_message": ""}}, {"model": "admin.logentry", "pk": 40, "fields": {"action_time": "2020-08-13T22:34:59.688Z", "user": 1, "content_type": 3, "object_id": "56", "object_repr": "56", "action_flag": 3, "change_message": ""}}, {"model": "admin.logentry", "pk": 41, "fields": {"action_time": "2020-08-13T22:34:59.690Z", "user": 1, "content_type": 3, "object_id": "55", "object_repr": "55", "action_flag": 3, "change_message": ""}}, {"model": "admin.logentry", "pk": 42, "fields": {"action_time": "2020-08-13T22:34:59.692Z", "user": 1, "content_type": 3, "object_id": "54", "object_repr": "54", "action_flag": 3, "change_message": ""}}, {"model": "admin.logentry", "pk": 43, "fields": {"action_time": "2020-08-13T22:34:59.693Z", "user": 1, "content_type": 3, "object_id": "53", "object_repr": "53", "action_flag": 3, "change_message": ""}}, {"model": "admin.logentry", "pk": 44, "fields": {"action_time": "2020-08-13T22:34:59.695Z", "user": 1, "content_type": 3, "object_id": "52", "object_repr": "52", "action_flag": 3, "change_message": ""}}, {"model": "admin.logentry", "pk": 45, "fields": {"action_time": "2020-08-13T22:34:59.697Z", "user": 1, "content_type": 3, "object_id": "51", "object_repr": "51", "action_flag": 3, "change_message": ""}}, {"model": "admin.logentry", "pk": 46, "fields": {"action_time": "2020-08-13T22:34:59.699Z", "user": 1, "content_type": 3, "object_id": "50", "object_repr": "50", "action_flag": 3, "change_message": ""}}, {"model": "admin.logentry", "pk": 47, "fields": {"action_time": "2020-08-13T22:34:59.700Z", "user": 1, "content_type": 3, "object_id": "48", "object_repr": "48", "action_flag": 3, "change_message": ""}}, {"model": "admin.logentry", "pk": 48, "fields": {"action_time": "2020-08-13T22:34:59.702Z", "user": 1, "content_type": 3, "object_id": "47", "object_repr": "47", "action_flag": 3, "change_message": ""}}, {"model": "admin.logentry", "pk": 49, "fields": {"action_time": "2020-08-13T22:34:59.703Z", "user": 1, "content_type": 3, "object_id": "46", "object_repr": "46", "action_flag": 3, "change_message": ""}}, {"model": "admin.logentry", "pk": 50, "fields": {"action_time": "2020-08-13T22:34:59.705Z", "user": 1, "content_type": 3, "object_id": "45", "object_repr": "45", "action_flag": 3, "change_message": ""}}, {"model": "admin.logentry", "pk": 51, "fields": {"action_time": "2020-08-13T22:34:59.706Z", "user": 1, "content_type": 3, "object_id": "43", "object_repr": "43", "action_flag": 3, "change_message": ""}}, {"model": "admin.logentry", "pk": 52, "fields": {"action_time": "2020-08-13T22:34:59.708Z", "user": 1, "content_type": 3, "object_id": "40", "object_repr": "40", "action_flag": 3, "change_message": ""}}, {"model": "admin.logentry", "pk": 53, "fields": {"action_time": "2020-08-13T22:34:59.710Z", "user": 1, "content_type": 3, "object_id": "39", "object_repr": "39", "action_flag": 3, "change_message": ""}}, {"model": "admin.logentry", "pk": 54, "fields": {"action_time": "2020-08-13T22:34:59.712Z", "user": 1, "content_type": 3, "object_id": "38", "object_repr": "38", "action_flag": 3, "change_message": ""}}, {"model": "admin.logentry", "pk": 55, "fields": {"action_time": "2020-08-13T22:36:22.281Z", "user": 1, "content_type": 3, "object_id": "62", "object_repr": "62", "action_flag": 3, "change_message": ""}}, {"model": "admin.logentry", "pk": 56, "fields": {"action_time": "2020-08-13T22:36:22.284Z", "user": 1, "content_type": 3, "object_id": "61", "object_repr": "61", "action_flag": 3, "change_message": ""}}, {"model": "admin.logentry", "pk": 57, "fields": {"action_time": "2020-08-13T22:36:22.286Z", "user": 1, "content_type": 3, "object_id": "60", "object_repr": "60", "action_flag": 3, "change_message": ""}}, {"model": "admin.logentry", "pk": 58, "fields": {"action_time": "2020-08-13T22:40:10.653Z", "user": 1, "content_type": 1, "object_id": "1", "object_repr": "\u2514\u2500\u2002Ohio, USA", "action_flag": 1, "change_message": "[{\"added\": {}}]"}}, {"model": "admin.logentry", "pk": 59, "fields": {"action_time": "2020-08-13T22:40:44.722Z", "user": 1, "content_type": 1, "object_id": "2", "object_repr": "\u2002\u2002\u2002\u2002\u2514\u2500\u2002Franklin County", "action_flag": 1, "change_message": "[{\"added\": {}}]"}}, {"model": "admin.logentry", "pk": 60, "fields": {"action_time": "2020-08-13T22:49:40.285Z", "user": 1, "content_type": 1, "object_id": "12", "object_repr": "\u2002\u2002\u2002\u2002\u2002\u2002\u2002\u2002\u2514\u2500\u2002Columbus, OH", "action_flag": 1, "change_message": "[{\"added\": {}}]"}}, {"model": "users.profile", "pk": 1, "fields": {"user": 1, "location": 7, "criteria": 64, "impacts": [1, 3, 5]}}, {"model": "users.profile", "pk": 2, "fields": {"user": 2, "location": 8, "criteria": 25, "impacts": [1, 2, 3, 4, 5]}}, {"model": "users.profile", "pk": 3, "fields": {"user": 3, "location": 7, "criteria": 37, "impacts": [1, 3, 5]}}, {"model": "users.profile", "pk": 4, "fields": {"user": 4, "location": 7, "criteria": 42, "impacts": [1, 2, 3, 5]}}, {"model": "users.profile", "pk": 5, "fields": {"user": 5, "location": 7, "criteria": 44, "impacts": [2, 3, 4]}}, {"model": "users.profile", "pk": 6, "fields": {"user": 6, "location": 4, "criteria": 49, "impacts": [5]}}, {"model": "users.profile", "pk": 7, "fields": {"user": 7, "location": 7, "criteria": 68, "impacts": [1, 2, 3, 5]}}, {"model": "users.profile", "pk": 8, "fields": {"user": 8, "location": 11, "criteria": 92, "impacts": [1, 2, 3]}}, {"model": "users.profile", "pk": 9, "fields": {"user": 9, "location": 12, "criteria": 94, "impacts": [1, 2, 5]}}, {"model": "users.profile", "pk": 10, "fields": {"user": 10, "location": 11, "criteria": 97, "impacts": [2, 3, 5]}}, {"model": "users.profile", "pk": 11, "fields": {"user": 11, "location": 11, "criteria": 100, "impacts": [1, 2, 3]}}, {"model": "users.profile", "pk": 12, "fields": {"user": 12, "location": 11, "criteria": 111, "impacts": [1, 2, 3]}}, {"model": "users.profile", "pk": 13, "fields": {"user": 13, "location": 3, "criteria": 119, "impacts": [3]}}, {"model": "users.profile", "pk": 14, "fields": {"user": 14, "location": 4, "criteria": 125, "impacts": [1, 2, 3, 4]}}, {"model": "users.profile", "pk": 15, "fields": {"user": 15, "location": 4, "criteria": 127, "impacts": [2, 3]}}]